order_id,customer_id,product_id,order_date,product_category,quantity,unit_price,total_price
1,CUST291,PROD29,2025-03-02,Books,2,4134,8268
2,CUST797,PROD65,2025-05-08,Clothing,4,3502,14008
3,CUST353,PROD61,2025-07-16,Books,2,1858,3716
4,CUST993,PROD47,2025-03-27,Electronics,5,3735,18675
5,CUST258,PROD35,2025-01-25,Electronics,3,4622,13866
6,CUST311,PROD34,2025-04-01,Books,1,1643,1643
7,CUST585,PROD97,2025-07-26,Books,1,2735,2735
8,CUST715,PROD99,2025-02-02,Electronics,1,2423,2423
9,CUST511,PROD96,2025-10-01,Clothing,5,2708,13540
10,CUST507,PROD89,2025-12-07,Home,3,2814,8442
11,CUST301,PROD38,2025-02-26,Home,3,1706,5118
12,CUST375,PROD55,2025-07-08,Clothing,1,2681,2681
13,CUST590,PROD70,2025-05-22,Home,1,2600,2600
14,CUST261,PROD23,2025-04-16,Electronics,5,1300,6500
15,CUST698,PROD10,2025-05-24,Home,5,2851,14255
16,CUST499,PROD60,2025-09-05,Home,2,2760,5520
17,CUST860,PROD88,2025-03-13,Clothing,2,3515,7030
18,CUST248,PROD70,2025-09-22,Home,1,3153,3153
19,CUST755,PROD30,2025-06-18,Home,1,1509,1509
20,CUST674,PROD43,2025-10-04,Clothing,4,2142,8568
21,CUST749,PROD46,2025-04-11,Clothing,4,3352,13408
22,CUST800,PROD33,2025-11-19,Home,3,4849,14547
23,CUST173,PROD34,2025-09-15,Books,3,4575,13725
24,CUST890,PROD64,2025-11-03,Clothing,5,1667,8335
25,CUST762,PROD29,2025-09-17,Clothing,1,2920,2920
26,CUST826,PROD28,2025-05-31,Home,5,2012,10060
27,CUST557,PROD33,2025-04-29,Clothing,3,3521,10563
28,CUST354,PROD49,2025-02-03,Clothing,3,2019,6057
29,CUST413,PROD14,2025-03-29,Books,1,473,473
30,CUST763,PROD69,2025-03-21,Home,2,724,1448
31,CUST589,PROD85,2025-01-30,Books,3,580,1740
32,CUST958,PROD30,2025-04-28,Home,3,2966,8898
33,CUST801,PROD24,2025-07-10,Books,4,940,3760
34,CUST131,PROD62,2025-03-04,Home,1,4770,4770
35,CUST400,PROD45,2025-03-03,Electronics,5,4855,24275
36,CUST778,PROD20,2025-06-01,Books,5,4538,22690
37,CUST426,PROD51,2025-10-26,Electronics,3,649,1947
38,CUST432,PROD29,2025-01-15,Clothing,2,2680,5360
39,CUST679,PROD70,2025-05-07,Clothing,2,3851,7702
40,CUST230,PROD92,2025-08-11,Home,5,3311,16555
41,CUST962,PROD24,2025-07-08,Electronics,2,2195,4390
42,CUST899,PROD66,2025-02-11,Home,3,3952,11856
43,CUST884,PROD56,2026-01-06,Home,4,3799,15196
44,CUST719,PROD44,2025-05-11,Books,3,4806,14418
45,CUST292,PROD17,2025-09-24,Books,4,920,3680
46,CUST600,PROD51,2025-05-13,Home,5,1497,7485
47,CUST725,PROD52,2025-03-19,Electronics,5,772,3860
48,CUST554,PROD86,2025-05-10,Clothing,4,4658,18632
49,CUST410,PROD21,2025-08-15,Home,2,3328,6656
50,CUST514,PROD21,2025-11-18,Home,1,1272,1272
51,CUST781,PROD17,2025-07-02,Home,2,3482,6964
52,CUST510,PROD62,2025-06-05,Electronics,4,1508,6032
53,CUST616,PROD30,2025-04-12,Books,3,4819,14457
54,CUST759,PROD89,2025-08-07,Electronics,4,2813,11252
55,CUST358,PROD27,2025-05-21,Books,1,2005,2005
56,CUST619,PROD51,2025-04-21,Electronics,5,919,4595
57,CUST277,PROD54,2025-09-03,Books,5,3609,18045
58,CUST636,PROD17,2025-04-25,Home,4,3208,12832
59,CUST257,PROD30,2025-09-22,Electronics,1,911,911
60,CUST428,PROD94,2025-04-15,Clothing,1,2706,2706
61,CUST276,PROD35,2025-04-27,Home,2,4100,8200
62,CUST468,PROD61,2025-05-02,Home,1,2097,2097
63,CUST720,PROD84,2025-05-07,Home,3,1888,5664
64,CUST119,PROD91,2025-04-26,Electronics,5,4055,20275
65,CUST157,PROD68,2025-04-18,Electronics,2,3561,7122
66,CUST286,PROD78,2025-06-22,Books,3,3140,9420
67,CUST799,PROD77,2025-06-07,Clothing,1,1484,1484
68,CUST917,PROD76,2025-06-30,Books,4,2520,10080
69,CUST452,PROD64,2025-02-26,Home,4,3373,13492
70,CUST789,PROD16,2025-07-03,Clothing,1,2983,2983
71,CUST101,PROD62,2025-09-28,Home,5,3087,15435
72,CUST463,PROD38,2025-06-26,Books,1,2679,2679
73,CUST951,PROD49,2025-04-02,Electronics,4,297,1188
74,CUST433,PROD34,2026-01-10,Electronics,3,1009,3027
75,CUST443,PROD31,2025-12-22,Home,1,1893,1893
76,CUST279,PROD41,2025-09-03,Books,1,484,484
77,CUST916,PROD75,2025-04-28,Clothing,1,2661,2661
78,CUST879,PROD75,2025-02-10,Electronics,3,644,1932
79,CUST741,PROD29,2025-10-01,Clothing,1,3154,3154
80,CUST896,PROD49,2025-11-14,Electronics,3,3513,10539
81,CUST106,PROD12,2025-12-07,Home,2,4667,9334
82,CUST689,PROD51,2025-12-09,Books,5,1142,5710
83,CUST468,PROD13,2025-12-03,Books,4,2714,10856
84,CUST279,PROD32,2025-03-22,Clothing,1,4426,4426
85,CUST547,PROD85,2025-09-04,Home,1,2872,2872
86,CUST886,PROD50,2025-09-21,Electronics,1,1186,1186
87,CUST585,PROD88,2025-05-11,Home,5,793,3965
88,CUST715,PROD29,2025-12-01,Books,5,3132,15660
89,CUST284,PROD89,2025-10-26,Books,3,347,1041
90,CUST289,PROD69,2026-01-02,Clothing,2,3285,6570
91,CUST728,PROD33,2025-07-12,Clothing,5,2554,12770
92,CUST199,PROD40,2025-11-20,Clothing,1,2156,2156
93,CUST777,PROD56,2025-04-25,Electronics,4,4009,16036
94,CUST341,PROD28,2025-10-01,Clothing,5,483,2415
95,CUST372,PROD63,2025-07-05,Electronics,4,2176,8704
96,CUST379,PROD76,2025-03-08,Books,5,4709,23545
97,CUST999,PROD96,2025-05-05,Books,1,492,492
98,CUST809,PROD55,2025-09-28,Electronics,4,2553,10212
99,CUST823,PROD40,2025-10-31,Clothing,4,3744,14976
100,CUST887,PROD27,2025-03-25,Books,4,4932,19728
101,CUST456,PROD59,2025-09-03,Electronics,4,4258,17032
102,CUST454,PROD71,2025-04-10,Electronics,1,2569,2569
103,CUST210,PROD93,2025-06-13,Books,3,3341,10023
104,CUST215,PROD22,2025-07-13,Home,4,4421,17684
105,CUST291,PROD59,2025-08-25,Home,2,3064,6128
106,CUST414,PROD76,2025-11-05,Electronics,2,753,1506
107,CUST258,PROD31,2025-06-16,Home,2,408,816
108,CUST984,PROD29,2025-11-04,Electronics,5,1402,7010
109,CUST407,PROD92,2025-01-14,Home,4,445,1780
110,CUST701,PROD91,2025-06-04,Books,1,3951,3951
111,CUST440,PROD50,2025-11-12,Electronics,1,4094,4094
112,CUST928,PROD62,2025-07-18,Clothing,4,3621,14484
113,CUST854,PROD99,2025-12-24,Home,3,3493,10479
114,CUST971,PROD19,2025-05-05,Home,1,3853,3853
115,CUST895,PROD92,2025-09-05,Home,1,1241,1241
116,CUST957,PROD85,2025-10-26,Books,5,4792,23960
117,CUST900,PROD56,2025-03-07,Home,4,4507,18028
118,CUST114,PROD28,2025-08-16,Home,3,3565,10695
119,CUST910,PROD53,2025-01-13,Home,2,4673,9346
120,CUST222,PROD20,2025-09-15,Electronics,1,1191,1191
121,CUST760,PROD36,2025-10-17,Clothing,3,2022,6066
122,CUST635,PROD11,2025-06-15,Electronics,2,4929,9858
123,CUST293,PROD98,2025-10-19,Clothing,2,2019,4038
124,CUST247,PROD95,2025-03-21,Electronics,4,1523,6092
125,CUST954,PROD79,2025-03-18,Clothing,5,2098,10490
126,CUST616,PROD23,2025-01-16,Clothing,4,264,1056
127,CUST437,PROD20,2025-08-25,Clothing,1,2280,2280
128,CUST220,PROD52,2025-05-04,Clothing,2,3641,7282
129,CUST600,PROD42,2025-07-19,Home,5,1108,5540
130,CUST316,PROD62,2025-11-26,Electronics,1,3948,3948
131,CUST805,PROD44,2025-04-26,Home,2,3565,7130
132,CUST879,PROD45,2025-02-15,Books,5,1453,7265
133,CUST237,PROD88,2025-03-05,Clothing,5,2601,13005
134,CUST367,PROD43,2025-09-18,Home,3,2940,8820
135,CUST308,PROD70,2025-09-25,Clothing,2,4986,9972
136,CUST315,PROD74,2025-12-28,Electronics,2,4992,9984
137,CUST517,PROD74,2026-01-10,Home,1,351,351
138,CUST123,PROD73,2025-06-04,Clothing,5,4767,23835
139,CUST893,PROD17,2025-08-31,Home,1,3993,3993
140,CUST701,PROD61,2025-07-12,Home,2,2939,5878
141,CUST773,PROD94,2025-11-24,Clothing,5,4369,21845
142,CUST845,PROD20,2025-11-15,Books,5,3074,15370
143,CUST870,PROD62,2025-07-06,Books,1,3781,3781
144,CUST663,PROD25,2025-07-26,Electronics,5,1762,8810
145,CUST201,PROD71,2025-05-29,Home,4,253,1012
146,CUST249,PROD11,2025-09-26,Books,4,2390,9560
147,CUST892,PROD81,2025-05-08,Clothing,1,1332,1332
148,CUST389,PROD47,2025-01-17,Books,4,4796,19184
149,CUST852,PROD40,2025-11-23,Home,5,4968,24840
150,CUST759,PROD44,2025-09-19,Books,1,1227,1227
151,CUST967,PROD33,2025-11-12,Electronics,5,4926,24630
152,CUST860,PROD19,2025-07-16,Electronics,4,3442,13768
153,CUST621,PROD84,2025-03-16,Clothing,5,788,3940
154,CUST465,PROD91,2025-11-12,Books,1,4214,4214
155,CUST834,PROD64,2025-11-01,Home,3,425,1275
156,CUST892,PROD16,2025-10-14,Home,3,1823,5469
157,CUST723,PROD10,2025-04-17,Clothing,4,2737,10948
158,CUST760,PROD22,2026-01-06,Clothing,5,3508,17540
159,CUST896,PROD80,2025-08-17,Home,3,4175,12525
160,CUST623,PROD69,2025-11-03,Electronics,3,3158,9474
161,CUST112,PROD51,2026-01-04,Home,4,1085,4340
162,CUST609,PROD17,2025-04-23,Clothing,1,2047,2047
163,CUST965,PROD22,2025-07-21,Home,4,2332,9328
164,CUST302,PROD70,2025-10-30,Home,5,2476,12380
165,CUST790,PROD47,2025-12-22,Books,4,4570,18280
166,CUST822,PROD70,2025-12-07,Electronics,2,1162,2324
167,CUST596,PROD85,2025-08-26,Home,1,4875,4875
168,CUST319,PROD38,2025-04-11,Books,2,550,1100
169,CUST932,PROD22,2025-07-22,Books,4,4904,19616
170,CUST608,PROD88,2025-01-23,Books,1,4550,4550
171,CUST491,PROD50,2025-01-19,Books,1,1548,1548
172,CUST376,PROD80,2025-09-03,Electronics,3,250,750
173,CUST904,PROD11,2025-04-22,Clothing,2,4894,9788
174,CUST545,PROD47,2025-03-19,Home,5,1531,7655
175,CUST801,PROD51,2025-05-30,Books,1,4963,4963
176,CUST410,PROD81,2025-07-29,Books,5,3673,18365
177,CUST132,PROD90,2025-04-16,Home,5,608,3040
178,CUST500,PROD76,2025-03-17,Home,3,2344,7032
179,CUST333,PROD35,2025-01-26,Books,3,1071,3213
180,CUST604,PROD42,2025-03-16,Clothing,3,1941,5823
181,CUST865,PROD12,2025-04-05,Home,4,2871,11484
182,CUST649,PROD42,2025-03-25,Clothing,2,2646,5292
183,CUST582,PROD33,2025-09-28,Home,3,1716,5148
184,CUST748,PROD68,2025-07-18,Electronics,1,1802,1802
185,CUST146,PROD53,2025-06-26,Electronics,5,1943,9715
186,CUST769,PROD92,2025-01-13,Electronics,3,4701,14103
187,CUST478,PROD35,2025-03-16,Home,3,278,834
188,CUST441,PROD57,2025-07-15,Home,1,425,425
189,CUST436,PROD30,2025-10-02,Home,5,3191,15955
190,CUST403,PROD96,2025-02-16,Home,5,1045,5225
191,CUST751,PROD79,2025-10-05,Home,1,2110,2110
192,CUST335,PROD26,2025-08-05,Home,5,1297,6485
193,CUST246,PROD20,2025-03-11,Clothing,3,1158,3474
194,CUST437,PROD84,2025-09-20,Clothing,4,4713,18852
195,CUST345,PROD58,2025-04-16,Electronics,1,1449,1449
196,CUST753,PROD54,2025-12-23,Electronics,4,3823,15292
197,CUST695,PROD31,2025-01-18,Electronics,5,2156,10780
198,CUST491,PROD70,2025-04-13,Home,5,2412,12060
199,CUST259,PROD97,2025-02-02,Electronics,3,3046,9138
200,CUST802,PROD40,2025-11-11,Electronics,4,4009,16036
201,CUST711,PROD93,2025-08-02,Clothing,1,799,799
202,CUST115,PROD26,2025-05-03,Electronics,4,892,3568
203,CUST317,PROD50,2025-01-30,Clothing,3,1970,5910
204,CUST468,PROD90,2025-05-07,Clothing,2,1703,3406
205,CUST474,PROD40,2025-09-17,Electronics,4,4670,18680
206,CUST544,PROD81,2025-11-10,Home,3,1682,5046
207,CUST269,PROD68,2025-02-05,Electronics,4,4372,17488
208,CUST736,PROD11,2025-08-25,Books,1,1826,1826
209,CUST547,PROD15,2025-12-28,Home,4,2851,11404
210,CUST681,PROD30,2025-11-07,Clothing,1,3309,3309
211,CUST253,PROD27,2025-04-07,Books,1,2369,2369
212,CUST913,PROD13,2025-08-24,Clothing,2,4883,9766
213,CUST680,PROD15,2025-07-18,Clothing,3,790,2370
214,CUST246,PROD33,2025-10-19,Clothing,3,3350,10050
215,CUST962,PROD60,2025-09-05,Clothing,5,4397,21985
216,CUST400,PROD38,2025-07-28,Electronics,4,4558,18232
217,CUST208,PROD53,2025-05-07,Electronics,5,2628,13140
218,CUST832,PROD82,2025-11-09,Electronics,1,3752,3752
219,CUST519,PROD77,2025-10-13,Home,4,2820,11280
220,CUST227,PROD36,2025-05-27,Clothing,1,1708,1708
221,CUST580,PROD70,2025-02-28,Books,2,2891,5782
222,CUST669,PROD71,2025-06-21,Electronics,5,1998,9990
223,CUST888,PROD73,2025-04-16,Electronics,2,4087,8174
224,CUST632,PROD85,2025-11-18,Clothing,3,3780,11340
225,CUST648,PROD38,2025-10-04,Clothing,4,2332,9328
226,CUST919,PROD41,2025-03-30,Home,3,943,2829
227,CUST739,PROD60,2025-08-29,Books,5,4821,24105
228,CUST186,PROD55,2025-02-02,Clothing,3,1112,3336
229,CUST701,PROD83,2025-12-19,Home,5,1275,6375
230,CUST682,PROD26,2025-06-25,Clothing,5,4978,24890
231,CUST548,PROD81,2025-12-14,Books,3,4284,12852
232,CUST552,PROD24,2025-06-11,Home,2,1910,3820
233,CUST308,PROD59,2025-08-24,Clothing,5,4851,24255
234,CUST943,PROD77,2025-11-25,Home,2,3034,6068
235,CUST445,PROD62,2025-03-31,Electronics,5,4189,20945
236,CUST220,PROD65,2025-05-13,Home,5,3120,15600
237,CUST270,PROD49,2025-03-15,Home,3,2126,6378
238,CUST276,PROD53,2025-06-12,Clothing,5,2497,12485
239,CUST638,PROD73,2025-01-20,Home,3,3001,9003
240,CUST861,PROD66,2025-11-28,Electronics,5,699,3495
241,CUST777,PROD88,2025-01-16,Books,1,4773,4773
242,CUST968,PROD78,2025-10-31,Electronics,2,1288,2576
243,CUST356,PROD65,2025-06-15,Electronics,3,233,699
244,CUST261,PROD46,2026-01-02,Clothing,1,830,830
245,CUST840,PROD34,2025-06-11,Home,3,2428,7284
246,CUST809,PROD80,2025-03-31,Books,4,1430,5720
247,CUST721,PROD42,2026-01-05,Books,5,942,4710
248,CUST748,PROD96,2025-04-20,Home,3,2820,8460
249,CUST447,PROD44,2025-10-12,Home,4,4192,16768
250,CUST647,PROD32,2026-01-03,Clothing,2,4596,9192
251,CUST694,PROD73,2026-01-11,Books,3,2570,7710
252,CUST150,PROD62,2025-08-26,Clothing,5,4170,20850
253,CUST455,PROD18,2025-07-09,Electronics,1,1345,1345
254,CUST342,PROD35,2025-01-15,Electronics,2,4213,8426
255,CUST725,PROD30,2025-02-17,Electronics,3,2851,8553
256,CUST542,PROD15,2026-01-06,Electronics,1,889,889
257,CUST783,PROD65,2025-12-25,Electronics,4,396,1584
258,CUST797,PROD75,2025-08-04,Home,4,2635,10540
259,CUST564,PROD89,2025-05-08,Books,2,2268,4536
260,CUST279,PROD99,2025-02-04,Electronics,3,3947,11841
261,CUST357,PROD29,2025-04-29,Electronics,1,1133,1133
262,CUST349,PROD37,2025-01-26,Books,4,1434,5736
263,CUST246,PROD28,2025-09-12,Clothing,5,2963,14815
264,CUST924,PROD57,2025-08-21,Clothing,5,4582,22910
265,CUST312,PROD22,2025-03-15,Electronics,2,2336,4672
266,CUST166,PROD64,2025-04-02,Electronics,3,3099,9297
267,CUST519,PROD75,2025-06-10,Clothing,5,2649,13245
268,CUST835,PROD31,2025-04-29,Books,1,2946,2946
269,CUST605,PROD82,2025-11-11,Electronics,4,1218,4872
270,CUST788,PROD87,2025-08-28,Clothing,5,1829,9145
271,CUST226,PROD23,2025-12-01,Books,2,843,1686
272,CUST932,PROD36,2025-02-08,Books,1,2258,2258
273,CUST522,PROD39,2025-07-26,Electronics,5,616,3080
274,CUST867,PROD53,2025-10-25,Home,2,1076,2152
275,CUST400,PROD37,2025-03-16,Clothing,1,1172,1172
276,CUST887,PROD63,2025-04-17,Home,2,3308,6616
277,CUST580,PROD39,2025-07-27,Clothing,3,1330,3990
278,CUST633,PROD80,2026-01-01,Home,4,1259,5036
279,CUST880,PROD52,2025-11-11,Electronics,1,602,602
280,CUST912,PROD32,2025-08-13,Electronics,4,1410,5640
281,CUST265,PROD49,2025-10-16,Home,2,3824,7648
282,CUST172,PROD76,2025-02-14,Clothing,2,4999,9998
283,CUST300,PROD55,2025-05-12,Clothing,4,4729,18916
284,CUST963,PROD56,2025-04-04,Home,1,2682,2682
285,CUST982,PROD70,2025-04-19,Books,3,3415,10245
286,CUST932,PROD75,2025-10-03,Clothing,5,1196,5980
287,CUST333,PROD34,2025-06-13,Home,2,3692,7384
288,CUST323,PROD26,2025-04-20,Electronics,2,2669,5338
289,CUST750,PROD22,2025-01-25,Electronics,1,2510,2510
290,CUST288,PROD70,2025-12-06,Electronics,1,3724,3724
291,CUST720,PROD73,2025-03-01,Clothing,5,4123,20615
292,CUST901,PROD89,2025-08-27,Books,1,3518,3518
293,CUST714,PROD98,2025-08-08,Home,5,4287,21435
294,CUST931,PROD14,2025-04-19,Books,3,4893,14679
295,CUST207,PROD14,2025-05-10,Clothing,1,1387,1387
296,CUST875,PROD69,2025-05-07,Home,3,4163,12489
297,CUST629,PROD76,2025-03-24,Clothing,1,4941,4941
298,CUST939,PROD94,2025-02-13,Clothing,2,1782,3564
299,CUST115,PROD96,2025-04-19,Electronics,3,2165,6495
300,CUST957,PROD66,2025-11-17,Electronics,3,4425,13275
301,CUST208,PROD24,2025-03-16,Books,5,2314,11570
302,CUST654,PROD28,2025-07-31,Home,2,1407,2814
303,CUST179,PROD13,2025-01-27,Home,3,1573,4719
304,CUST455,PROD62,2025-08-04,Clothing,2,3536,7072
305,CUST538,PROD77,2025-11-16,Electronics,4,4200,16800
306,CUST526,PROD69,2025-02-07,Home,1,2634,2634
307,CUST663,PROD47,2025-11-26,Home,2,2637,5274
308,CUST989,PROD91,2025-11-18,Electronics,5,3060,15300
309,CUST171,PROD89,2025-04-20,Clothing,1,4489,4489
310,CUST741,PROD80,2025-03-25,Electronics,3,3429,10287
311,CUST915,PROD80,2025-08-12,Home,3,4609,13827
312,CUST383,PROD67,2025-04-04,Electronics,4,1698,6792
313,CUST797,PROD70,2025-02-13,Home,2,3042,6084
314,CUST706,PROD21,2025-04-07,Home,5,1866,9330
315,CUST760,PROD93,2025-05-30,Clothing,4,4570,18280
316,CUST871,PROD70,2025-12-04,Books,3,4854,14562
317,CUST686,PROD93,2025-11-14,Clothing,3,1582,4746
318,CUST984,PROD67,2025-08-31,Books,3,4664,13992
319,CUST422,PROD85,2025-10-24,Clothing,3,335,1005
320,CUST800,PROD25,2025-09-27,Home,3,3637,10911
321,CUST133,PROD42,2025-04-27,Home,1,1735,1735
322,CUST257,PROD49,2025-03-29,Home,1,964,964
323,CUST721,PROD99,2025-06-24,Electronics,2,4987,9974
324,CUST666,PROD51,2025-07-08,Electronics,3,4705,14115
325,CUST775,PROD27,2025-08-04,Books,2,2663,5326
326,CUST561,PROD78,2025-06-10,Home,5,3271,16355
327,CUST573,PROD77,2025-10-16,Electronics,4,224,896
328,CUST955,PROD47,2025-02-28,Electronics,4,581,2324
329,CUST740,PROD88,2025-10-26,Home,3,4326,12978
330,CUST572,PROD56,2025-09-13,Electronics,5,2288,11440
331,CUST854,PROD29,2025-11-16,Clothing,4,3349,13396
332,CUST770,PROD94,2026-01-10,Clothing,4,1944,7776
333,CUST541,PROD67,2025-09-04,Home,5,3646,18230
334,CUST506,PROD93,2025-06-12,Clothing,5,1633,8165
335,CUST265,PROD85,2025-07-23,Clothing,2,3410,6820
336,CUST148,PROD85,2025-06-22,Home,1,3734,3734
337,CUST814,PROD46,2025-05-22,Home,5,2412,12060
338,CUST377,PROD28,2025-04-25,Books,1,3499,3499
339,CUST821,PROD10,2025-08-18,Home,5,1022,5110
340,CUST700,PROD37,2025-08-29,Home,4,1615,6460
341,CUST456,PROD73,2025-02-20,Books,4,4769,19076
342,CUST832,PROD32,2025-09-09,Books,2,4736,9472
343,CUST224,PROD21,2025-09-29,Books,1,4411,4411
344,CUST793,PROD68,2025-02-27,Books,2,3618,7236
345,CUST811,PROD34,2025-04-10,Books,2,963,1926
346,CUST142,PROD88,2025-06-24,Electronics,2,2052,4104
347,CUST389,PROD16,2025-11-13,Electronics,3,2471,7413
348,CUST856,PROD15,2025-01-21,Books,4,2242,8968
349,CUST150,PROD16,2025-12-12,Electronics,3,1668,5004
350,CUST143,PROD83,2025-08-27,Clothing,4,2911,11644
351,CUST972,PROD44,2025-11-03,Home,2,580,1160
352,CUST973,PROD85,2025-01-26,Books,3,3873,11619
353,CUST210,PROD55,2025-07-28,Electronics,2,2856,5712
354,CUST304,PROD95,2025-02-09,Clothing,1,4202,4202
355,CUST302,PROD34,2025-03-19,Clothing,1,1051,1051
356,CUST511,PROD11,2025-04-10,Home,1,1322,1322
357,CUST532,PROD70,2025-04-02,Home,3,3570,10710
358,CUST226,PROD14,2025-02-13,Books,3,3837,11511
359,CUST345,PROD29,2025-11-10,Clothing,1,2832,2832
360,CUST729,PROD80,2025-07-18,Books,5,280,1400
361,CUST538,PROD44,2025-01-29,Books,1,3648,3648
362,CUST729,PROD31,2025-09-13,Books,4,2766,11064
363,CUST448,PROD44,2025-02-01,Clothing,1,3487,3487
364,CUST307,PROD53,2025-08-04,Home,3,472,1416
365,CUST304,PROD19,2025-04-19,Books,2,4463,8926
366,CUST239,PROD22,2025-11-06,Electronics,2,301,602
367,CUST797,PROD99,2025-06-10,Books,3,3117,9351
368,CUST926,PROD50,2025-03-01,Home,3,4084,12252
369,CUST559,PROD30,2025-11-20,Books,2,2200,4400
370,CUST974,PROD29,2025-11-03,Electronics,2,2092,4184
371,CUST511,PROD73,2025-04-21,Clothing,4,3816,15264
372,CUST818,PROD10,2025-08-12,Books,1,2638,2638
373,CUST414,PROD88,2025-03-14,Home,5,1586,7930
374,CUST288,PROD45,2025-03-05,Clothing,2,3407,6814
375,CUST900,PROD60,2025-02-04,Electronics,3,1013,3039
376,CUST169,PROD18,2025-11-04,Clothing,1,3401,3401
377,CUST266,PROD76,2025-03-22,Books,2,3300,6600
378,CUST994,PROD20,2025-02-11,Clothing,5,2761,13805
379,CUST739,PROD40,2025-09-16,Electronics,2,4378,8756
380,CUST317,PROD43,2025-03-29,Books,1,4920,4920
381,CUST226,PROD61,2025-01-26,Home,1,3277,3277
382,CUST518,PROD29,2025-05-02,Electronics,3,4995,14985
383,CUST378,PROD82,2025-12-27,Clothing,4,3386,13544
384,CUST119,PROD28,2026-01-02,Clothing,2,1042,2084
385,CUST441,PROD95,2025-01-18,Electronics,4,1939,7756
386,CUST186,PROD31,2025-10-27,Clothing,1,895,895
387,CUST217,PROD70,2025-10-14,Electronics,5,4744,23720
388,CUST868,PROD43,2026-01-08,Clothing,1,2892,2892
389,CUST799,PROD67,2025-08-14,Electronics,4,3241,12964
390,CUST602,PROD47,2025-11-24,Electronics,1,2193,2193
391,CUST710,PROD43,2025-01-25,Home,5,4979,24895
392,CUST341,PROD28,2025-04-09,Books,5,2378,11890
393,CUST540,PROD52,2025-08-21,Books,4,4879,19516
394,CUST860,PROD55,2025-08-28,Home,3,501,1503
395,CUST182,PROD38,2025-10-31,Home,3,4621,13863
396,CUST863,PROD40,2025-05-26,Books,4,4083,16332
397,CUST477,PROD26,2025-07-06,Clothing,1,937,937
398,CUST794,PROD40,2025-08-16,Electronics,3,4146,12438
399,CUST875,PROD46,2025-01-25,Clothing,1,3922,3922
400,CUST204,PROD73,2025-02-26,Clothing,5,2086,10430
401,CUST356,PROD61,2025-02-14,Clothing,1,3756,3756
402,CUST312,PROD25,2025-07-01,Electronics,3,1323,3969
403,CUST771,PROD57,2025-05-26,Books,1,2361,2361
404,CUST718,PROD79,2025-11-23,Books,1,4736,4736
405,CUST525,PROD19,2025-12-18,Home,4,1852,7408
406,CUST750,PROD85,2025-09-03,Home,2,2510,5020
407,CUST629,PROD50,2025-04-04,Home,2,4224,8448
408,CUST454,PROD84,2025-09-15,Clothing,2,1379,2758
409,CUST854,PROD75,2026-01-10,Electronics,1,2624,2624
410,CUST664,PROD79,2025-06-20,Home,5,4385,21925
411,CUST231,PROD27,2025-05-27,Clothing,4,4528,18112
412,CUST456,PROD50,2025-01-28,Electronics,3,4649,13947
413,CUST936,PROD42,2025-02-02,Clothing,4,4558,18232
414,CUST322,PROD65,2025-10-08,Clothing,5,4662,23310
415,CUST569,PROD68,2025-07-04,Home,5,2855,14275
416,CUST124,PROD71,2025-07-26,Clothing,1,3252,3252
417,CUST538,PROD66,2025-02-05,Books,5,294,1470
418,CUST558,PROD99,2026-01-03,Books,3,4172,12516
419,CUST138,PROD94,2025-01-20,Books,3,3947,11841
420,CUST701,PROD72,2025-08-22,Electronics,4,4603,18412
421,CUST633,PROD68,2025-10-26,Electronics,1,4885,4885
422,CUST389,PROD36,2025-10-24,Electronics,3,1562,4686
423,CUST306,PROD24,2025-12-12,Clothing,5,2245,11225
424,CUST793,PROD69,2025-04-29,Books,1,3160,3160
425,CUST179,PROD46,2025-10-29,Books,4,2332,9328
426,CUST679,PROD35,2025-06-03,Books,2,3752,7504
427,CUST818,PROD54,2025-05-27,Books,5,1250,6250
428,CUST941,PROD61,2025-03-14,Home,4,3601,14404
429,CUST711,PROD41,2025-07-27,Electronics,3,4624,13872
430,CUST622,PROD40,2025-05-27,Home,1,945,945
431,CUST747,PROD57,2025-12-13,Home,3,2044,6132
432,CUST170,PROD66,2025-08-12,Clothing,3,700,2100
433,CUST659,PROD38,2025-06-13,Clothing,5,2992,14960
434,CUST349,PROD45,2025-04-30,Clothing,3,3829,11487
435,CUST954,PROD46,2026-01-11,Clothing,3,726,2178
436,CUST516,PROD42,2025-03-10,Books,2,2595,5190
437,CUST613,PROD35,2025-09-05,Books,1,810,810
438,CUST792,PROD81,2025-07-04,Electronics,3,3979,11937
439,CUST178,PROD73,2025-02-11,Electronics,3,4085,12255
440,CUST416,PROD66,2026-01-02,Home,3,4653,13959
441,CUST650,PROD36,2025-03-21,Electronics,2,4742,9484
442,CUST195,PROD15,2025-10-17,Electronics,2,2531,5062
443,CUST658,PROD20,2025-11-16,Books,2,2538,5076
444,CUST504,PROD56,2025-11-08,Clothing,4,1175,4700
445,CUST803,PROD44,2025-07-29,Clothing,1,3086,3086
446,CUST384,PROD77,2025-10-26,Books,5,3213,16065
447,CUST447,PROD33,2025-08-13,Books,4,4390,17560
448,CUST778,PROD35,2025-09-19,Home,4,4855,19420
449,CUST850,PROD16,2025-10-09,Electronics,5,2255,11275
450,CUST439,PROD76,2025-07-10,Home,3,4847,14541
451,CUST889,PROD25,2025-08-03,Home,5,4665,23325
452,CUST137,PROD31,2025-10-22,Books,4,2620,10480
453,CUST416,PROD12,2025-07-23,Electronics,5,3281,16405
454,CUST451,PROD21,2025-07-24,Electronics,4,640,2560
455,CUST306,PROD49,2025-09-26,Electronics,5,2564,12820
456,CUST191,PROD49,2025-08-30,Home,2,446,892
457,CUST855,PROD98,2025-06-23,Clothing,3,3798,11394
458,CUST495,PROD32,2025-06-13,Home,1,1793,1793
459,CUST786,PROD26,2025-09-26,Home,2,2128,4256
460,CUST154,PROD72,2025-02-18,Electronics,3,4547,13641
461,CUST725,PROD79,2025-12-01,Home,1,323,323
462,CUST951,PROD38,2025-05-19,Clothing,1,3075,3075
463,CUST155,PROD20,2025-09-08,Home,5,780,3900
464,CUST479,PROD66,2025-05-26,Electronics,2,3924,7848
465,CUST643,PROD42,2025-04-07,Clothing,4,2040,8160
466,CUST523,PROD72,2025-12-03,Home,1,2595,2595
467,CUST258,PROD29,2025-08-11,Electronics,3,3525,10575
468,CUST427,PROD61,2025-08-28,Books,2,4284,8568
469,CUST517,PROD53,2025-08-14,Clothing,5,2706,13530
470,CUST100,PROD22,2025-05-01,Books,1,3916,3916
471,CUST117,PROD74,2025-10-05,Clothing,1,533,533
472,CUST743,PROD77,2025-08-11,Home,5,3993,19965
473,CUST491,PROD42,2025-06-26,Home,5,666,3330
474,CUST943,PROD19,2025-02-07,Books,2,2932,5864
475,CUST900,PROD37,2025-10-04,Clothing,1,2136,2136
476,CUST579,PROD40,2025-07-12,Clothing,3,3859,11577
477,CUST370,PROD44,2025-02-21,Home,5,2439,12195
478,CUST694,PROD31,2025-09-28,Electronics,3,4197,12591
479,CUST306,PROD78,2025-05-26,Home,3,1846,5538
480,CUST293,PROD96,2025-06-19,Clothing,3,2714,8142
481,CUST366,PROD89,2025-07-07,Clothing,5,381,1905
482,CUST373,PROD61,2025-09-21,Books,5,3507,17535
483,CUST507,PROD85,2025-06-25,Books,2,4328,8656
484,CUST229,PROD57,2025-03-08,Home,2,796,1592
485,CUST266,PROD40,2025-06-14,Electronics,5,1075,5375
486,CUST420,PROD92,2025-07-07,Home,1,4635,4635
487,CUST705,PROD20,2025-12-30,Home,5,3466,17330
488,CUST968,PROD49,2025-11-05,Home,3,1630,4890
489,CUST473,PROD91,2025-02-18,Electronics,4,1333,5332
490,CUST644,PROD41,2025-05-04,Books,3,1145,3435
491,CUST441,PROD27,2025-11-07,Clothing,1,1746,1746
492,CUST419,PROD92,2025-09-22,Books,1,1944,1944
493,CUST612,PROD38,2025-08-09,Home,4,862,3448
494,CUST306,PROD76,2025-10-15,Clothing,1,1671,1671
495,CUST108,PROD16,2025-03-01,Home,1,4336,4336
496,CUST860,PROD18,2025-06-29,Books,4,3347,13388
497,CUST504,PROD70,2025-04-23,Clothing,3,1285,3855
498,CUST753,PROD62,2025-03-27,Books,4,495,1980
499,CUST918,PROD75,2025-02-28,Home,4,2522,10088
500,CUST970,PROD88,2025-11-01,Electronics,1,2685,2685
501,CUST600,PROD89,2025-07-02,Electronics,5,4468,22340
502,CUST201,PROD45,2025-07-17,Home,5,1301,6505
503,CUST899,PROD77,2025-08-06,Electronics,1,424,424
504,CUST577,PROD10,2025-10-10,Electronics,1,3962,3962
505,CUST141,PROD67,2025-10-26,Electronics,2,3168,6336
506,CUST739,PROD31,2025-03-26,Electronics,3,4685,14055
507,CUST320,PROD83,2025-06-30,Clothing,4,491,1964
508,CUST426,PROD25,2025-06-22,Electronics,1,3740,3740
509,CUST603,PROD57,2025-09-24,Books,3,1367,4101
510,CUST815,PROD49,2025-05-11,Clothing,1,1564,1564
511,CUST260,PROD79,2025-11-07,Books,4,2619,10476
512,CUST626,PROD73,2025-06-12,Electronics,4,533,2132
513,CUST783,PROD78,2025-12-03,Clothing,1,1373,1373
514,CUST825,PROD95,2025-01-29,Home,1,3400,3400
515,CUST672,PROD56,2025-09-22,Home,1,1705,1705
516,CUST976,PROD65,2025-10-15,Home,1,279,279
517,CUST199,PROD12,2025-07-08,Books,1,3764,3764
518,CUST762,PROD44,2025-05-25,Books,5,1189,5945
519,CUST187,PROD59,2025-11-21,Books,5,1303,6515
520,CUST128,PROD21,2025-12-08,Electronics,5,1590,7950
521,CUST714,PROD89,2025-02-20,Electronics,1,4228,4228
522,CUST228,PROD29,2025-07-07,Electronics,4,1280,5120
523,CUST995,PROD50,2025-02-14,Home,2,4807,9614
524,CUST234,PROD98,2025-10-19,Home,5,2167,10835
525,CUST491,PROD58,2025-08-08,Books,5,4811,24055
526,CUST400,PROD94,2025-05-27,Home,3,1568,4704
527,CUST824,PROD12,2025-02-15,Home,3,3801,11403
528,CUST375,PROD27,2025-07-04,Electronics,3,1417,4251
529,CUST152,PROD24,2025-08-26,Books,5,3851,19255
530,CUST481,PROD89,2025-10-28,Clothing,4,4558,18232
531,CUST782,PROD35,2025-02-13,Books,3,1713,5139
532,CUST478,PROD54,2025-03-08,Clothing,5,3042,15210
533,CUST855,PROD67,2025-11-24,Home,2,4287,8574
534,CUST395,PROD32,2025-08-22,Home,1,2269,2269
535,CUST556,PROD93,2025-11-08,Electronics,5,3894,19470
536,CUST998,PROD47,2025-09-12,Clothing,1,3386,3386
537,CUST360,PROD96,2025-06-11,Clothing,5,2136,10680
538,CUST261,PROD63,2026-01-06,Clothing,1,1799,1799
539,CUST416,PROD51,2025-06-22,Home,3,942,2826
540,CUST949,PROD28,2025-03-22,Home,2,2099,4198
541,CUST961,PROD98,2025-02-27,Electronics,3,3371,10113
542,CUST344,PROD70,2025-01-27,Electronics,5,450,2250
543,CUST278,PROD30,2025-11-27,Home,5,1308,6540
544,CUST145,PROD56,2025-04-04,Clothing,3,4663,13989
545,CUST237,PROD85,2025-02-25,Home,4,2496,9984
546,CUST719,PROD40,2025-12-03,Clothing,2,2841,5682
547,CUST971,PROD47,2025-11-10,Clothing,4,1022,4088
548,CUST161,PROD39,2025-12-17,Books,4,4725,18900
549,CUST969,PROD17,2025-11-01,Clothing,2,2247,4494
550,CUST138,PROD92,2025-10-22,Clothing,2,1127,2254
551,CUST257,PROD55,2025-11-03,Clothing,1,3879,3879
552,CUST646,PROD94,2025-08-30,Books,3,4257,12771
553,CUST968,PROD27,2025-07-31,Books,3,305,915
554,CUST149,PROD58,2025-12-27,Books,5,2286,11430
555,CUST900,PROD96,2025-07-26,Home,4,2254,9016
556,CUST276,PROD63,2025-10-16,Electronics,1,321,321
557,CUST122,PROD47,2025-06-04,Home,1,4736,4736
558,CUST466,PROD12,2025-09-17,Books,1,2699,2699
559,CUST487,PROD91,2025-12-07,Home,1,2095,2095
560,CUST928,PROD19,2025-08-31,Home,3,372,1116
561,CUST742,PROD94,2025-06-08,Books,2,3205,6410
562,CUST607,PROD49,2025-02-13,Home,2,3750,7500
563,CUST115,PROD76,2025-09-20,Electronics,2,1399,2798
564,CUST550,PROD44,2025-02-14,Books,5,3547,17735
565,CUST684,PROD93,2025-02-15,Electronics,3,2041,6123
566,CUST198,PROD56,2025-05-09,Home,1,4198,4198
567,CUST383,PROD97,2025-11-06,Electronics,2,1475,2950
568,CUST937,PROD19,2025-03-21,Electronics,2,3104,6208
569,CUST478,PROD38,2025-11-27,Electronics,5,1739,8695
570,CUST341,PROD22,2025-05-09,Electronics,4,1411,5644
571,CUST877,PROD89,2025-05-07,Clothing,1,787,787
572,CUST606,PROD49,2025-08-25,Books,4,523,2092
573,CUST930,PROD44,2025-10-21,Electronics,4,2446,9784
574,CUST650,PROD50,2025-12-09,Clothing,4,4023,16092
575,CUST270,PROD28,2025-03-07,Electronics,5,2971,14855
576,CUST228,PROD77,2025-09-07,Books,2,4317,8634
577,CUST103,PROD75,2025-09-19,Electronics,1,4340,4340
578,CUST151,PROD86,2025-02-20,Electronics,5,1682,8410
579,CUST447,PROD52,2025-11-19,Books,4,355,1420
580,CUST796,PROD90,2025-08-11,Home,4,499,1996
581,CUST350,PROD16,2025-09-06,Clothing,5,1629,8145
582,CUST314,PROD96,2025-06-03,Books,1,1090,1090
583,CUST418,PROD77,2025-06-19,Clothing,2,1526,3052
584,CUST785,PROD68,2025-04-29,Books,1,1687,1687
585,CUST964,PROD58,2025-05-12,Books,4,2637,10548
586,CUST721,PROD82,2025-10-29,Home,4,1064,4256
587,CUST797,PROD84,2025-11-08,Electronics,1,2764,2764
588,CUST605,PROD15,2025-12-18,Clothing,2,2698,5396
589,CUST412,PROD83,2025-08-01,Electronics,1,1166,1166
590,CUST111,PROD14,2025-11-05,Electronics,4,1795,7180
591,CUST826,PROD82,2025-04-17,Books,3,3285,9855
592,CUST254,PROD70,2025-07-22,Books,3,4445,13335
593,CUST614,PROD87,2025-03-18,Books,5,860,4300
594,CUST617,PROD39,2025-12-02,Home,2,2052,4104
595,CUST972,PROD62,2026-01-03,Electronics,3,4094,12282
596,CUST141,PROD57,2025-02-26,Home,2,900,1800
597,CUST499,PROD96,2025-08-24,Books,5,3629,18145
598,CUST985,PROD82,2025-09-17,Books,5,4248,21240
599,CUST811,PROD86,2025-06-07,Electronics,1,4286,4286
600,CUST851,PROD44,2025-05-07,Home,4,3473,13892
601,CUST369,PROD23,2025-04-03,Clothing,5,385,1925
602,CUST149,PROD77,2025-02-28,Home,1,2577,2577
603,CUST987,PROD78,2025-11-19,Clothing,1,3451,3451
604,CUST382,PROD24,2025-10-27,Home,2,1494,2988
605,CUST542,PROD18,2025-07-23,Home,3,4629,13887
606,CUST994,PROD95,2025-12-25,Home,5,501,2505
607,CUST835,PROD11,2025-04-21,Books,2,2536,5072
608,CUST603,PROD10,2025-10-28,Home,4,4444,17776
609,CUST555,PROD49,2025-09-22,Electronics,5,1377,6885
610,CUST240,PROD45,2025-04-30,Home,5,1771,8855
611,CUST598,PROD35,2025-06-05,Home,2,2128,4256
612,CUST740,PROD79,2025-12-10,Electronics,5,4411,22055
613,CUST157,PROD98,2025-12-14,Books,3,1000,3000
614,CUST778,PROD84,2025-12-31,Clothing,2,530,1060
615,CUST201,PROD77,2025-09-24,Books,1,3739,3739
616,CUST302,PROD31,2025-07-06,Electronics,2,3284,6568
617,CUST939,PROD97,2025-07-01,Clothing,1,4047,4047
618,CUST254,PROD45,2025-07-02,Home,3,3774,11322
619,CUST455,PROD80,2025-09-13,Home,5,2275,11375
620,CUST286,PROD32,2025-06-27,Clothing,4,1561,6244
621,CUST717,PROD10,2025-09-26,Home,5,3335,16675
622,CUST954,PROD56,2025-10-10,Clothing,1,1728,1728
623,CUST997,PROD66,2025-10-12,Home,5,3840,19200
624,CUST496,PROD34,2025-09-26,Home,3,2913,8739
625,CUST460,PROD61,2025-08-05,Home,3,508,1524
626,CUST182,PROD18,2025-05-02,Electronics,3,291,873
627,CUST745,PROD20,2026-01-07,Electronics,5,4685,23425
628,CUST512,PROD92,2025-05-16,Electronics,3,663,1989
629,CUST342,PROD14,2025-10-16,Electronics,4,3801,15204
630,CUST343,PROD78,2025-11-28,Clothing,5,517,2585
631,CUST131,PROD93,2025-04-06,Books,5,2637,13185
632,CUST990,PROD87,2025-07-11,Electronics,3,2444,7332
633,CUST204,PROD46,2025-04-12,Clothing,1,1178,1178
634,CUST695,PROD40,2025-05-01,Home,1,4363,4363
635,CUST126,PROD59,2025-11-01,Electronics,1,3120,3120
636,CUST163,PROD73,2025-04-04,Clothing,5,2879,14395
637,CUST836,PROD34,2025-01-30,Books,4,513,2052
638,CUST619,PROD11,2025-03-11,Books,2,799,1598
639,CUST730,PROD25,2025-01-22,Home,2,314,628
640,CUST367,PROD45,2025-10-11,Clothing,5,3040,15200
641,CUST631,PROD24,2025-07-14,Clothing,2,2911,5822
642,CUST659,PROD50,2025-09-04,Clothing,3,4662,13986
643,CUST412,PROD99,2025-10-17,Clothing,5,2056,10280
644,CUST775,PROD23,2025-06-01,Home,1,1451,1451
645,CUST985,PROD40,2025-04-11,Electronics,2,3289,6578
646,CUST761,PROD59,2025-12-31,Home,4,3391,13564
647,CUST435,PROD21,2025-03-13,Home,1,1456,1456
648,CUST154,PROD32,2025-06-09,Home,3,2380,7140
649,CUST758,PROD13,2025-05-31,Home,1,4142,4142
650,CUST186,PROD73,2025-08-30,Electronics,3,2405,7215
651,CUST768,PROD25,2025-03-28,Books,4,1427,5708
652,CUST301,PROD42,2026-01-12,Books,3,891,2673
653,CUST390,PROD26,2025-09-28,Books,2,2578,5156
654,CUST527,PROD72,2025-02-13,Electronics,4,986,3944
655,CUST920,PROD45,2025-07-03,Electronics,4,1576,6304
656,CUST346,PROD96,2025-04-28,Books,5,4359,21795
657,CUST685,PROD85,2025-07-03,Books,4,479,1916
658,CUST748,PROD98,2025-03-12,Electronics,1,4459,4459
659,CUST699,PROD70,2025-05-19,Clothing,4,4930,19720
660,CUST699,PROD44,2025-02-25,Clothing,1,4480,4480
661,CUST470,PROD80,2025-08-08,Home,5,2726,13630
662,CUST873,PROD74,2025-05-26,Electronics,1,621,621
663,CUST222,PROD38,2025-12-18,Electronics,2,3534,7068
664,CUST496,PROD43,2025-05-12,Electronics,4,4661,18644
665,CUST825,PROD64,2025-05-01,Home,5,3793,18965
666,CUST546,PROD54,2025-05-06,Electronics,5,4444,22220
667,CUST478,PROD92,2025-06-06,Clothing,3,3590,10770
668,CUST544,PROD95,2025-09-07,Books,4,906,3624
669,CUST118,PROD63,2025-11-09,Clothing,2,483,966
670,CUST551,PROD88,2025-12-16,Electronics,1,4701,4701
671,CUST430,PROD13,2025-12-21,Home,4,4710,18840
672,CUST277,PROD46,2025-10-01,Home,2,4200,8400
673,CUST860,PROD96,2025-08-02,Clothing,2,2261,4522
674,CUST498,PROD61,2025-08-14,Electronics,1,2992,2992
675,CUST161,PROD13,2025-11-23,Clothing,5,1547,7735
676,CUST382,PROD11,2025-06-13,Home,5,2549,12745
677,CUST260,PROD42,2025-02-28,Home,1,480,480
678,CUST997,PROD85,2025-06-17,Books,2,2188,4376
679,CUST639,PROD68,2025-01-22,Books,4,2657,10628
680,CUST431,PROD69,2025-02-12,Books,4,4184,16736
681,CUST834,PROD18,2025-10-17,Home,2,2690,5380
682,CUST387,PROD86,2025-11-23,Clothing,4,4878,19512
683,CUST312,PROD12,2025-06-11,Clothing,4,3645,14580
684,CUST128,PROD89,2025-06-29,Home,2,3230,6460
685,CUST326,PROD40,2025-09-22,Home,4,622,2488
686,CUST429,PROD90,2025-08-30,Books,2,927,1854
687,CUST634,PROD39,2025-03-09,Electronics,3,922,2766
688,CUST742,PROD78,2025-04-17,Clothing,5,1404,7020
689,CUST680,PROD61,2025-02-28,Electronics,4,3666,14664
690,CUST255,PROD83,2025-09-03,Books,4,2244,8976
691,CUST285,PROD82,2025-10-15,Books,5,4451,22255
692,CUST147,PROD42,2025-11-30,Clothing,2,2670,5340
693,CUST561,PROD82,2025-12-13,Home,2,4382,8764
694,CUST271,PROD85,2025-04-20,Books,1,4203,4203
695,CUST729,PROD10,2025-02-03,Electronics,4,3019,12076
696,CUST823,PROD99,2025-04-14,Clothing,1,865,865
697,CUST534,PROD64,2025-08-10,Books,3,4468,13404
698,CUST343,PROD60,2025-04-08,Books,4,2959,11836
699,CUST386,PROD26,2025-05-01,Electronics,5,3578,17890
700,CUST307,PROD46,2025-10-18,Electronics,5,1817,9085
701,CUST718,PROD20,2025-11-29,Clothing,1,4249,4249
702,CUST394,PROD88,2025-09-21,Electronics,1,1835,1835
703,CUST421,PROD24,2025-05-28,Clothing,2,518,1036
704,CUST500,PROD40,2025-05-15,Clothing,3,542,1626
705,CUST481,PROD18,2025-07-22,Clothing,4,4480,17920
706,CUST278,PROD88,2025-01-23,Clothing,2,1232,2464
707,CUST140,PROD71,2025-01-27,Home,1,1073,1073
708,CUST923,PROD21,2025-02-25,Books,2,4223,8446
709,CUST757,PROD90,2025-09-20,Clothing,5,4473,22365
710,CUST309,PROD61,2025-05-22,Books,3,1509,4527
711,CUST758,PROD78,2025-02-13,Clothing,2,2828,5656
712,CUST844,PROD86,2025-07-24,Electronics,2,2546,5092
713,CUST772,PROD42,2025-12-06,Home,1,915,915
714,CUST823,PROD13,2025-12-17,Clothing,3,3402,10206
715,CUST291,PROD49,2025-11-13,Electronics,4,2308,9232
716,CUST310,PROD58,2025-01-29,Home,5,513,2565
717,CUST875,PROD35,2025-02-02,Books,3,3384,10152
718,CUST503,PROD61,2025-11-24,Home,2,1556,3112
719,CUST445,PROD16,2025-03-02,Books,3,4595,13785
720,CUST546,PROD74,2025-12-08,Books,5,963,4815
721,CUST970,PROD82,2025-06-13,Clothing,1,3016,3016
722,CUST739,PROD97,2025-06-15,Electronics,2,1186,2372
723,CUST430,PROD70,2025-07-22,Clothing,5,967,4835
724,CUST360,PROD85,2025-07-11,Electronics,2,2743,5486
725,CUST806,PROD34,2025-01-21,Electronics,5,3083,15415
726,CUST796,PROD37,2025-03-04,Clothing,5,1640,8200
727,CUST783,PROD77,2025-07-22,Books,2,1640,3280
728,CUST156,PROD34,2025-08-19,Electronics,5,2311,11555
729,CUST771,PROD20,2025-10-28,Books,3,2909,8727
730,CUST772,PROD71,2025-07-24,Home,4,206,824
731,CUST392,PROD51,2025-04-15,Books,3,1386,4158
732,CUST234,PROD46,2025-10-29,Electronics,1,1794,1794
733,CUST850,PROD19,2025-03-28,Clothing,4,4797,19188
734,CUST149,PROD18,2025-01-22,Clothing,1,2346,2346
735,CUST399,PROD26,2025-01-30,Home,1,4721,4721
736,CUST362,PROD94,2025-06-11,Home,5,1238,6190
737,CUST518,PROD71,2025-08-11,Clothing,3,1676,5028
738,CUST973,PROD87,2025-12-18,Home,4,844,3376
739,CUST380,PROD94,2025-09-17,Home,1,4343,4343
740,CUST799,PROD55,2025-12-22,Home,1,1235,1235
741,CUST273,PROD36,2025-08-03,Electronics,3,1986,5958
742,CUST284,PROD40,2025-10-10,Books,2,1727,3454
743,CUST936,PROD90,2025-07-02,Electronics,1,2117,2117
744,CUST939,PROD96,2025-08-12,Books,4,4847,19388
745,CUST176,PROD18,2025-03-29,Clothing,1,1108,1108
746,CUST393,PROD62,2025-05-01,Clothing,1,3478,3478
747,CUST925,PROD43,2025-07-16,Home,3,3775,11325
748,CUST571,PROD57,2025-08-14,Home,4,3817,15268
749,CUST623,PROD45,2025-09-12,Electronics,3,1937,5811
750,CUST380,PROD30,2025-02-22,Clothing,1,1004,1004
751,CUST413,PROD45,2025-12-20,Clothing,1,242,242
752,CUST754,PROD73,2025-05-20,Books,5,868,4340
753,CUST802,PROD83,2025-04-13,Home,2,1266,2532
754,CUST477,PROD95,2026-01-05,Clothing,3,3246,9738
755,CUST399,PROD20,2025-04-24,Clothing,3,3443,10329
756,CUST437,PROD63,2025-05-29,Electronics,1,2919,2919
757,CUST413,PROD90,2025-06-12,Clothing,1,3025,3025
758,CUST773,PROD80,2025-10-31,Home,4,1955,7820
759,CUST741,PROD55,2025-06-02,Electronics,3,1808,5424
760,CUST592,PROD65,2025-12-04,Books,1,2325,2325
761,CUST763,PROD86,2025-11-26,Books,5,4326,21630
762,CUST111,PROD84,2025-09-08,Books,1,1936,1936
763,CUST722,PROD54,2025-03-11,Electronics,2,248,496
764,CUST398,PROD36,2025-11-19,Home,2,990,1980
765,CUST192,PROD95,2025-10-21,Home,3,4062,12186
766,CUST481,PROD64,2025-09-19,Books,4,3795,15180
767,CUST789,PROD99,2026-01-10,Books,3,797,2391
768,CUST644,PROD75,2025-07-29,Books,4,4652,18608
769,CUST904,PROD77,2025-01-14,Electronics,3,2103,6309
770,CUST909,PROD53,2025-01-28,Clothing,2,4527,9054
771,CUST253,PROD32,2025-06-28,Clothing,1,4295,4295
772,CUST925,PROD88,2025-08-16,Clothing,3,1968,5904
773,CUST855,PROD59,2025-12-20,Clothing,4,4280,17120
774,CUST558,PROD20,2025-01-22,Clothing,1,2864,2864
775,CUST661,PROD78,2025-03-06,Books,4,1406,5624
776,CUST360,PROD83,2025-12-02,Clothing,3,2819,8457
777,CUST874,PROD50,2025-07-19,Clothing,5,440,2200
778,CUST320,PROD20,2025-09-13,Home,1,4192,4192
779,CUST304,PROD19,2025-11-29,Books,5,2529,12645
780,CUST274,PROD86,2025-02-16,Books,2,1358,2716
781,CUST405,PROD52,2025-10-16,Books,4,3036,12144
782,CUST958,PROD46,2025-05-26,Electronics,1,2154,2154
783,CUST689,PROD82,2025-09-16,Books,5,4617,23085
784,CUST106,PROD33,2025-04-19,Clothing,3,3602,10806
785,CUST817,PROD34,2025-03-14,Books,3,4500,13500
786,CUST614,PROD82,2025-05-18,Home,4,2780,11120
787,CUST102,PROD34,2025-02-22,Home,3,2617,7851
788,CUST556,PROD81,2025-07-24,Electronics,5,2476,12380
789,CUST716,PROD55,2026-01-10,Clothing,1,620,620
790,CUST673,PROD24,2025-08-10,Books,5,3834,19170
791,CUST796,PROD59,2025-03-09,Electronics,4,1699,6796
792,CUST984,PROD93,2025-04-10,Clothing,4,478,1912
793,CUST326,PROD42,2025-03-28,Electronics,1,1689,1689
794,CUST908,PROD15,2025-11-02,Books,2,2533,5066
795,CUST962,PROD67,2025-05-27,Clothing,3,1720,5160
796,CUST701,PROD52,2025-10-09,Clothing,5,4068,20340
797,CUST949,PROD13,2025-11-20,Clothing,4,651,2604
798,CUST969,PROD52,2025-03-07,Books,4,4398,17592
799,CUST197,PROD44,2025-05-01,Clothing,5,1340,6700
800,CUST970,PROD87,2025-03-09,Home,5,3632,18160
801,CUST340,PROD19,2025-09-26,Home,2,907,1814
802,CUST130,PROD50,2025-06-25,Clothing,4,2652,10608
803,CUST376,PROD59,2025-01-22,Clothing,5,3869,19345
804,CUST626,PROD75,2025-04-15,Clothing,2,4142,8284
805,CUST835,PROD14,2025-01-14,Electronics,5,4961,24805
806,CUST152,PROD28,2025-02-02,Clothing,4,2753,11012
807,CUST432,PROD70,2025-03-21,Electronics,1,4955,4955
808,CUST543,PROD93,2025-09-09,Electronics,1,3821,3821
809,CUST378,PROD82,2025-10-19,Electronics,5,3508,17540
810,CUST431,PROD48,2025-06-07,Clothing,1,3447,3447
811,CUST428,PROD18,2025-03-23,Electronics,2,1518,3036
812,CUST223,PROD66,2025-09-17,Electronics,2,4705,9410
813,CUST236,PROD93,2025-10-11,Home,5,3575,17875
814,CUST873,PROD55,2025-02-22,Home,3,2851,8553
815,CUST890,PROD94,2025-09-16,Home,2,2188,4376
816,CUST835,PROD52,2025-02-23,Home,5,4014,20070
817,CUST189,PROD41,2025-08-31,Clothing,5,411,2055
818,CUST225,PROD66,2025-05-23,Clothing,2,4323,8646
819,CUST142,PROD33,2025-12-04,Books,2,2856,5712
820,CUST732,PROD40,2025-02-26,Books,1,3068,3068
821,CUST267,PROD46,2025-03-19,Books,3,2188,6564
822,CUST751,PROD60,2025-03-06,Home,3,4754,14262
823,CUST758,PROD53,2025-05-24,Home,5,2879,14395
824,CUST869,PROD69,2025-09-16,Home,1,4806,4806
825,CUST546,PROD50,2025-05-01,Clothing,1,4701,4701
826,CUST654,PROD38,2025-09-24,Home,4,1605,6420
827,CUST298,PROD70,2025-11-20,Electronics,2,379,758
828,CUST861,PROD14,2025-09-29,Clothing,4,2286,9144
829,CUST664,PROD29,2025-10-07,Books,3,897,2691
830,CUST595,PROD81,2025-06-23,Clothing,3,1172,3516
831,CUST102,PROD21,2025-04-05,Home,1,401,401
832,CUST281,PROD40,2025-10-18,Books,3,4056,12168
833,CUST530,PROD28,2025-09-19,Electronics,5,945,4725
834,CUST109,PROD22,2025-04-28,Clothing,4,882,3528
835,CUST463,PROD49,2025-04-25,Clothing,4,4852,19408
836,CUST730,PROD93,2025-01-21,Home,3,2215,6645
837,CUST686,PROD26,2025-10-30,Home,4,4831,19324
838,CUST221,PROD69,2025-11-01,Electronics,3,525,1575
839,CUST452,PROD94,2025-11-01,Clothing,5,606,3030
840,CUST147,PROD60,2025-03-25,Books,2,4009,8018
841,CUST729,PROD27,2025-11-03,Books,2,2717,5434
842,CUST782,PROD48,2025-02-17,Clothing,3,3768,11304
843,CUST760,PROD87,2025-04-23,Books,1,1422,1422
844,CUST692,PROD80,2025-06-22,Electronics,1,3404,3404
845,CUST245,PROD49,2025-06-08,Books,1,3225,3225
846,CUST204,PROD26,2025-07-11,Home,2,807,1614
847,CUST158,PROD94,2025-08-22,Clothing,4,1087,4348
848,CUST229,PROD17,2025-09-18,Electronics,2,509,1018
849,CUST486,PROD14,2025-11-06,Books,1,1659,1659
850,CUST139,PROD17,2025-04-11,Books,2,3008,6016
851,CUST216,PROD51,2025-01-28,Clothing,5,868,4340
852,CUST859,PROD87,2025-06-09,Clothing,3,2158,6474
853,CUST245,PROD55,2025-07-26,Clothing,2,3743,7486
854,CUST769,PROD51,2025-07-09,Clothing,2,4125,8250
855,CUST157,PROD96,2026-01-02,Clothing,5,2754,13770
856,CUST436,PROD77,2025-07-29,Clothing,2,3107,6214
857,CUST694,PROD86,2025-05-16,Electronics,1,400,400
858,CUST406,PROD46,2025-03-29,Electronics,5,4926,24630
859,CUST443,PROD30,2025-08-09,Electronics,4,4239,16956
860,CUST276,PROD21,2025-06-19,Books,2,724,1448
861,CUST987,PROD89,2025-12-18,Home,3,4639,13917
862,CUST561,PROD60,2025-04-18,Home,2,4295,8590
863,CUST939,PROD92,2025-05-05,Home,4,3601,14404
864,CUST463,PROD92,2025-08-11,Clothing,4,801,3204
865,CUST477,PROD41,2025-10-22,Electronics,3,817,2451
866,CUST953,PROD36,2025-03-13,Home,1,4375,4375
867,CUST581,PROD36,2025-11-08,Home,5,2154,10770
868,CUST468,PROD65,2025-02-04,Electronics,4,861,3444
869,CUST318,PROD93,2025-06-30,Home,3,3913,11739
870,CUST580,PROD39,2025-12-14,Books,4,3329,13316
871,CUST772,PROD82,2025-06-16,Electronics,3,3893,11679
872,CUST564,PROD73,2025-12-01,Books,4,415,1660
873,CUST838,PROD63,2025-12-22,Home,1,799,799
874,CUST699,PROD47,2025-07-06,Books,3,1214,3642
875,CUST399,PROD89,2025-02-01,Electronics,2,2998,5996
876,CUST873,PROD92,2025-09-08,Clothing,1,772,772
877,CUST776,PROD85,2025-04-03,Electronics,1,2586,2586
878,CUST926,PROD52,2025-10-30,Clothing,1,4483,4483
879,CUST804,PROD96,2025-12-28,Clothing,2,1598,3196
880,CUST963,PROD50,2025-10-30,Electronics,1,4079,4079
881,CUST794,PROD16,2026-01-02,Electronics,5,2325,11625
882,CUST342,PROD91,2025-12-16,Clothing,1,2403,2403
883,CUST916,PROD69,2025-10-04,Books,5,1909,9545
884,CUST676,PROD60,2025-09-04,Clothing,5,3369,16845
885,CUST488,PROD68,2025-07-15,Electronics,5,1452,7260
886,CUST782,PROD89,2025-02-22,Clothing,5,4083,20415
887,CUST922,PROD29,2025-06-21,Home,2,4534,9068
888,CUST588,PROD49,2025-10-13,Electronics,5,4230,21150
889,CUST796,PROD77,2025-07-15,Clothing,3,2368,7104
890,CUST612,PROD34,2025-10-04,Clothing,2,4666,9332
891,CUST228,PROD81,2025-02-12,Electronics,4,4419,17676
892,CUST862,PROD78,2025-12-28,Books,2,3891,7782
893,CUST640,PROD45,2025-10-29,Clothing,4,4369,17476
894,CUST305,PROD59,2025-03-22,Books,5,2903,14515
895,CUST713,PROD55,2025-07-05,Home,1,1394,1394
896,CUST396,PROD30,2025-06-10,Electronics,2,2265,4530
897,CUST643,PROD29,2025-06-21,Clothing,3,1197,3591
898,CUST729,PROD92,2025-09-24,Books,1,3790,3790
899,CUST468,PROD45,2025-10-17,Electronics,4,1363,5452
900,CUST780,PROD65,2025-10-30,Electronics,5,1777,8885
901,CUST254,PROD86,2025-03-24,Home,5,3992,19960
902,CUST939,PROD77,2025-07-09,Electronics,4,3566,14264
903,CUST453,PROD34,2025-12-12,Electronics,2,353,706
904,CUST568,PROD58,2025-04-07,Electronics,1,1984,1984
905,CUST440,PROD56,2025-09-28,Electronics,1,1959,1959
906,CUST191,PROD52,2025-02-06,Clothing,4,2793,11172
907,CUST644,PROD39,2025-03-18,Home,1,3131,3131
908,CUST256,PROD61,2025-06-13,Clothing,4,1136,4544
909,CUST822,PROD31,2025-10-08,Clothing,2,4975,9950
910,CUST918,PROD86,2025-01-17,Electronics,2,2511,5022
911,CUST841,PROD56,2025-07-19,Clothing,1,4882,4882
912,CUST932,PROD62,2025-03-14,Electronics,1,1421,1421
913,CUST218,PROD65,2026-01-02,Electronics,5,3654,18270
914,CUST143,PROD35,2025-12-15,Home,3,1014,3042
915,CUST231,PROD17,2025-05-02,Home,3,507,1521
916,CUST275,PROD61,2025-09-19,Electronics,4,1278,5112
917,CUST458,PROD45,2025-02-02,Clothing,2,4372,8744
918,CUST558,PROD69,2026-01-12,Books,5,2102,10510
919,CUST569,PROD89,2025-02-17,Home,3,1934,5802
920,CUST914,PROD94,2025-06-09,Electronics,3,1953,5859
921,CUST687,PROD19,2025-05-11,Electronics,1,4386,4386
922,CUST397,PROD34,2025-09-22,Home,2,4185,8370
923,CUST690,PROD93,2025-03-29,Electronics,3,3058,9174
924,CUST842,PROD40,2025-04-21,Electronics,1,688,688
925,CUST927,PROD25,2025-03-15,Books,5,2897,14485
926,CUST196,PROD31,2025-01-28,Clothing,3,1546,4638
927,CUST524,PROD76,2025-10-05,Clothing,1,3710,3710
928,CUST255,PROD61,2025-01-13,Electronics,5,4324,21620
929,CUST226,PROD92,2025-09-17,Home,3,795,2385
930,CUST613,PROD20,2025-03-08,Home,2,3575,7150
931,CUST362,PROD74,2025-06-05,Home,4,3772,15088
932,CUST519,PROD61,2025-05-30,Home,3,2048,6144
933,CUST839,PROD38,2025-02-13,Electronics,3,1788,5364
934,CUST547,PROD92,2025-10-28,Clothing,2,4821,9642
935,CUST216,PROD58,2025-06-23,Electronics,3,2323,6969
936,CUST891,PROD12,2025-06-24,Books,4,2847,11388
937,CUST957,PROD71,2025-09-04,Clothing,1,4190,4190
938,CUST713,PROD61,2025-12-07,Home,2,1224,2448
939,CUST387,PROD94,2025-07-20,Home,4,4090,16360
940,CUST127,PROD13,2025-04-03,Electronics,2,1670,3340
941,CUST303,PROD52,2025-06-12,Clothing,3,1012,3036
942,CUST730,PROD72,2025-05-26,Clothing,4,3712,14848
943,CUST861,PROD70,2025-09-04,Electronics,4,260,1040
944,CUST882,PROD37,2025-02-22,Electronics,1,809,809
945,CUST629,PROD67,2025-05-20,Books,5,4818,24090
946,CUST401,PROD11,2025-10-08,Books,4,4183,16732
947,CUST313,PROD76,2025-07-19,Clothing,5,618,3090
948,CUST680,PROD31,2025-12-27,Clothing,2,4540,9080
949,CUST834,PROD67,2025-03-31,Home,1,3912,3912
950,CUST559,PROD43,2025-03-05,Clothing,2,1218,2436
951,CUST307,PROD83,2025-04-18,Clothing,3,3492,10476
952,CUST794,PROD20,2025-06-22,Home,2,3876,7752
953,CUST304,PROD34,2025-07-28,Clothing,1,2383,2383
954,CUST608,PROD96,2025-03-02,Books,5,1736,8680
955,CUST978,PROD86,2025-11-23,Electronics,1,922,922
956,CUST186,PROD58,2025-08-12,Clothing,5,2056,10280
957,CUST883,PROD60,2025-05-28,Books,2,307,614
958,CUST917,PROD38,2025-12-04,Electronics,3,2491,7473
959,CUST617,PROD15,2025-11-23,Books,5,4134,20670
960,CUST810,PROD84,2025-07-26,Books,4,1647,6588
961,CUST216,PROD49,2025-11-06,Home,4,1632,6528
962,CUST233,PROD45,2025-08-03,Clothing,4,4024,16096
963,CUST252,PROD47,2025-05-24,Books,1,831,831
964,CUST966,PROD19,2025-11-07,Electronics,3,4912,14736
965,CUST889,PROD22,2025-11-22,Electronics,2,507,1014
966,CUST170,PROD59,2025-05-06,Clothing,4,1583,6332
967,CUST416,PROD20,2025-09-18,Books,4,3209,12836
968,CUST193,PROD95,2025-09-28,Home,2,962,1924
969,CUST890,PROD76,2025-05-25,Clothing,2,3643,7286
970,CUST198,PROD78,2025-02-03,Electronics,2,1308,2616
971,CUST200,PROD35,2025-06-18,Home,3,1169,3507
972,CUST298,PROD40,2025-11-25,Clothing,4,3915,15660
973,CUST444,PROD62,2025-11-23,Clothing,2,2287,4574
974,CUST547,PROD58,2025-10-11,Clothing,5,2244,11220
975,CUST102,PROD84,2025-09-18,Books,2,795,1590
976,CUST877,PROD27,2025-06-06,Electronics,4,4730,18920
977,CUST326,PROD14,2025-11-25,Home,3,903,2709
978,CUST632,PROD94,2025-06-14,Electronics,4,2559,10236
979,CUST125,PROD50,2025-12-30,Home,1,4150,4150
980,CUST419,PROD71,2025-12-05,Clothing,3,1801,5403
981,CUST802,PROD88,2025-02-03,Clothing,5,4002,20010
982,CUST423,PROD33,2025-05-12,Electronics,5,1371,6855
983,CUST576,PROD58,2025-08-01,Home,4,227,908
984,CUST862,PROD87,2025-02-08,Electronics,2,4040,8080
985,CUST757,PROD65,2025-01-29,Books,3,2977,8931
986,CUST908,PROD27,2025-12-06,Clothing,2,4829,9658
987,CUST180,PROD29,2025-03-25,Electronics,1,4822,4822
988,CUST989,PROD57,2025-09-18,Home,3,4546,13638
989,CUST608,PROD85,2025-12-02,Electronics,1,900,900
990,CUST217,PROD95,2025-04-21,Home,1,1681,1681
991,CUST920,PROD39,2025-10-08,Books,3,433,1299
992,CUST240,PROD43,2025-07-13,Electronics,4,4442,17768
993,CUST305,PROD13,2025-12-03,Home,5,4801,24005
994,CUST403,PROD62,2025-09-05,Home,2,4260,8520
995,CUST323,PROD25,2025-12-28,Clothing,4,3509,14036
996,CUST565,PROD11,2025-07-24,Clothing,4,4388,17552
997,CUST553,PROD75,2025-08-13,Books,4,2759,11036
998,CUST477,PROD22,2025-07-06,Electronics,3,4154,12462
999,CUST725,PROD96,2025-04-18,Electronics,3,2709,8127
1000,CUST764,PROD68,2025-09-18,Home,4,3788,15152
